"","aid","ID_zhang","type","Journal","WOS_biodiversity","Scopus_NLC","use","issn_wos","eissn_wos","issn_scopus","eissn_scopus","issn_clean","eissn_clean","flag_conservation"
"1",1,1,"specialist","ACTA BIOLOGICA SIBIRICA","N","Y","Y",NA,NA,NA,"2412-1908",NA,"2412-1908",0
"2",2,2,"specialist","ACTA GEOGRAPHICA UNIVERSITATIS COMENIANAE","N","Y","Y",NA,NA,"1338-6034",NA,"1338-6034",NA,0
"3",3,3,"specialist","ACTA OECOLOGICA","N","Y","Y",NA,NA,"1146-609X",NA,"1146-609X",NA,0
"4",4,4,"specialist","ACTA PRATACULTURAE SINICA","N","Y","Y",NA,NA,"1004-5759",NA,"1004-5759",NA,0
"5",5,5,"specialist","ACTA SCIENTIARUM POLONORUM, ADMINISTRATIO LOCORUM","N","Y","Y",NA,NA,"1644-0749","2450-0771","1644-0749","2450-0771",0
"6",6,NA,"specialist","Advances in Asian Human-Environmental Research",NA,"Y","Y",NA,NA,"1879-7180","1879-7199","1879-7180","1879-7199",0
"7",7,6,"specialist","AESTIMUM","N","Y","Y",NA,NA,"1592-6117","1724-2118","1592-6117","1724-2118",0
"8",8,190,"specialist","AFRICAN JOURNAL OF RANGE AND FORAGE SCIENCE","Y","N","Y",NA,NA,"1022-0119","1727-9380","1022-0119","1727-9380",0
"9",9,191,"specialist","AFRICAN NATURAL HISTORY","Y","N","Y",NA,NA,"1816-8396",NA,"1816-8396",NA,0
"10",10,7,"specialist","AGRAARTEADUS","N","Y","Y",NA,NA,"1024-0845","2228-4893","1024-0845","2228-4893",0
"11",11,8,"specialist","AGRICULTURE AND FORESTRY","N","Y","Y",NA,NA,"0554-5579","1800-6492","0554-5579","1800-6492",0
"12",12,9,"specialist","ALAM CIPTA","N","Y","Y",NA,NA,"1823-7231","2289-3687","1823-7231","2289-3687",0
"13",13,192,"specialist","AMERICAN MIDLAND NATURALIST","Y","N","Y","0003-0031","1938-4238","0003-0031",NA,"0003-0031","1938-4238",0
"14",14,193,"specialist","AMERICAN MUSEUM NOVITATES","Y","N","Y","0003-0082","1937-352X","0003-0082",NA,"0003-0082","1937-352X",0
"15",15,194,"specialist","AMERICAN NATURALIST","Y","N","Y",NA,NA,"0003-0147","1537-5323","0003-0147","1537-5323",0
"16",16,10,"specialist","AMPHIBIAN AND REPTILE CONSERVATION","N","Y","Y",NA,NA,"1083-446X","1525-9153","1083-446X","1525-9153",1
"17",17,11,"specialist","ANIMAL BIODIVERSITY AND CONSERVATION","Y","Y","Y","1578-665X","2014-928X","1578-665X","2014-928X","1578-665X","2014-928X",1
"18",18,NA,"specialist","Animal Biotelemetry","Y","N","Y",NA,"2050-3385",NA,"2050-3385",NA,"2050-3385",0
"19",19,12,"specialist","ANIMAL CONSERVATION","Y","Y","Y","1367-9430","1469-1795","1367-9430","1469-1795","1367-9430","1469-1795",1
"20",20,13,"specialist","ANNALES ZOOLOGICI FENNICI","N","Y","Y",NA,NA,"0003-455X",NA,"0003-455X",NA,0
"21",21,NA,"specialist","Anthropocene Coasts",NA,"Y","Y",NA,NA,NA,"2561-4150",NA,"2561-4150",0
"22",22,14,"specialist","APPLIED VEGETATION SCIENCE","N","Y","N",NA,NA,"1402-2001","1654-109X","1402-2001","1654-109X",0
"23",23,15,"specialist","AQUATIC CONSERVATION: MARINE AND FRESHWATER ECOSYSTEMS","N","Y","Y",NA,NA,"1052-7613","1099-0755","1052-7613","1099-0755",1
"24",24,16,"specialist","AQUATIC MAMMALS","N","Y","Y",NA,NA,"0167-5427","1996-7292","0167-5427","1996-7292",0
"25",25,17,"specialist","ARCHIDOCT","N","Y","Y",NA,NA,NA,"2309-0103",NA,"2309-0103",0
"26",26,18,"specialist","ARCHITECTURE AND URBAN PLANNING","N","Y","Y",NA,NA,"1691-4333","2255-8764","1691-4333","2255-8764",0
"27",27,19,"specialist","AREA DEVELOPMENT AND POLICY","N","Y","Y",NA,NA,NA,"2379-2957",NA,"2379-2957",0
"28",28,20,"specialist","ASIAN JOURNAL OF CONSERVATION BIOLOGY","N","Y","Y",NA,NA,NA,"2278-7666",NA,"2278-7666",1
"29",29,21,"specialist","ASIA-PACIFIC JOURNAL OF INNOVATION IN HOSPITALITY AND TOURISM","N","Y","Y",NA,NA,"2289-1471",NA,"2289-1471",NA,0
"30",30,22,"specialist","ATELIE GEOGRAFICO","N","Y","Y",NA,NA,NA,"1982-1956",NA,"1982-1956",0
"31",31,23,"specialist","AUSTRIAN JOURNAL OF FOREST SCIENCE","N","Y","Y",NA,NA,"0379-5292",NA,"0379-5292",NA,0
"32",32,24,"specialist","AVIAN CONSERVATION AND ECOLOGY","Y","Y","Y","1712-6568",NA,"1712-6568","1712-6576","1712-6568","1712-6576",1
"33",33,NA,"specialist","Banko Janakari",NA,"Y","Y",NA,NA,"1016-0582","2631-2301","1016-0582","2631-2301",0
"34",34,25,"specialist","BIODIVERSITY","N","Y","Y",NA,NA,"1488-8386","2160-0651","1488-8386","2160-0651",0
"35",35,26,"specialist","BIODIVERSITY AND CONSERVATION","Y","Y","Y","0960-3115","1572-9710","0960-3115","1572-9710","0960-3115","1572-9710",1
"36",36,195,"specialist","BIODIVERSITY DATA JOURNAL","Y","N","Y","1314-2836","1314-2828",NA,"1314-2828","1314-2836","1314-2828",0
"37",37,27,"specialist","BIODIVERSITY SCIENCE","N","Y","Y",NA,NA,"1005-0094",NA,"1005-0094",NA,0
"38",38,196,"specialist","BIOINVASIONS RECORDS","Y","N","Y",NA,"2242-1300",NA,"2242-1300",NA,"2242-1300",0
"39",39,28,"specialist","BIOLOGICAL CONSERVATION","Y","Y","Y","0006-3207","1873-2917","0006-3207",NA,"0006-3207","1873-2917",1
"40",40,NA,"specialist","BIOLOGICAL INVASIONS","Y","N","Y","1387-3547","1573-1464","1387-3547","1573-1464","1387-3547","1573-1464",0
"41",41,29,"specialist","BIOTA COLOMBIANA","N","Y","Y",NA,NA,"0124-5376","2539-200X","0124-5376","2539-200X",0
"42",42,197,"specialist","BIOTA NEOTROPICA","Y","N","Y","1676-0603","1676-0603","1676-0611","1676-0603","1676-0603","1676-0603",0
"43",43,30,"specialist","BIRD CONSERVATION INTERNATIONAL","Y","Y","Y","0959-2709","1474-0001","0959-2709","1474-0001","0959-2709","1474-0001",1
"44",44,31,"specialist","BIRD STUDY","N","Y","Y",NA,NA,"0006-3657","1944-6705","0006-3657","1944-6705",0
"45",45,32,"specialist","BRITISH WILDLIFE","N","Y","Y",NA,NA,"0958-0956",NA,"0958-0956",NA,0
"46",46,198,"specialist","BULLETIN OF THE AMERICAN MUSEUM OF NATURAL HISTORY","Y","N","Y","0003-0090","1937-3546","0003-0090",NA,"0003-0090","1937-3546",0
"47",47,199,"specialist","BULLETIN OF THE PEABODY MUSEUM OF NATURAL HISTORY","Y","N","Y","0079-032X","2162-4135","0079-032X","2162-4135","0079-032X","2162-4135",0
"48",48,33,"specialist","CAB REVIEWS: PERSPECTIVES IN AGRICULTURE, VETERINARY SCIENCE, NUTRITION AND NATURAL RESOURCES","N","Y","Y",NA,NA,"1749-8848",NA,"1749-8848",NA,0
"49",49,200,"specialist","CANADIAN FIELD-NATURALIST","Y","N","Y",NA,NA,"0008-3550",NA,"0008-3550",NA,0
"50",50,201,"specialist","CARIBBEAN JOURNAL OF SCIENCE","Y","N","Y","0008-6452","0008-6452","0008-6452",NA,"0008-6452","0008-6452",0
"51",51,34,"specialist","CHALLENGES IN SUSTAINABILITY","N","Y","Y",NA,NA,NA,"2297-6477",NA,"2297-6477",0
"52",52,35,"specialist","CHANGE OVER TIME","N","Y","Y",NA,NA,"2153-053X","2153-0548","2153-053X","2153-0548",0
"53",53,NA,"specialist","Changjiang Liuyu Ziyuan Yu Huanjing/Resources and Environment in the Yangtze Valley",NA,"Y","Y",NA,NA,"1004-8227",NA,"1004-8227",NA,0
"54",54,NA,"specialist","Coastal Research Library",NA,"Y","Y",NA,NA,"2211-0577","2211-0585","2211-0577","2211-0585",0
"55",55,36,"specialist","COLOMBIA FORESTAL","N","Y","Y",NA,NA,"0120-0739","2256-201X","0120-0739","2256-201X",0
"56",56,37,"specialist","CONSERVATION AND SOCIETY","N","Y","Y",NA,NA,"0972-4923","0975-3133","0972-4923","0975-3133",1
"57",57,38,"specialist","CONSERVATION BIOLOGY","Y","Y","Y","0888-8892","1523-1739","0888-8892","1523-1739","0888-8892","1523-1739",1
"58",58,39,"specialist","CONSERVATION EVIDENCE","N","Y","Y",NA,NA,"1758-2067",NA,"1758-2067",NA,1
"59",59,202,"specialist","CONSERVATION GENETICS","Y","N","Y","1566-0621","1572-9737","1566-0621","1572-9737","1566-0621","1572-9737",1
"60",60,203,"specialist","CONSERVATION GENETICS RESOURCES","Y","N","N","1877-7252","1877-7260","1877-7252","1877-7260","1877-7252","1877-7260",1
"61",61,40,"specialist","CONSERVATION LETTERS","Y","Y","Y","1755-263X","1755-263X","1755-263X",NA,"1755-263X","1755-263X",1
"62",62,41,"specialist","CONSERVATION PHYSIOLOGY","Y","Y","Y","2051-1434","2051-1434",NA,"2051-1434",NA,"2051-1434",1
"63",63,204,"specialist","CONSERVATION SCIENCE AND PRACTICE","Y","N","Y",NA,"2578-4854",NA,"2578-4854",NA,"2578-4854",1
"64",64,42,"specialist","CONSERVATION SCIENCE WESTERN AUSTRALIA","N","Y","Y",NA,NA,"1447-3682",NA,"1447-3682",NA,1
"65",65,43,"specialist","CUADERNOS DE TURISMO","N","Y","Y",NA,NA,"1139-7861","1989-4635","1139-7861","1989-4635",0
"66",66,44,"specialist","CURRENT ENVIRONMENTAL HEALTH REPORTS","N","Y","Y",NA,NA,NA,"2196-5412",NA,"2196-5412",0
"67",67,45,"specialist","CURRENT FORESTRY REPORTS","N","Y","Y",NA,NA,NA,"2198-6436",NA,"2198-6436",0
"68",68,46,"specialist","DIVERSITY","Y","Y","Y",NA,"1424-2818","1424-2818",NA,"1424-2818","1424-2818",0
"69",69,205,"specialist","DIVERSITY AND DISTRIBUTIONS","Y","N","Y","1366-9516","1472-4642","1366-9516","1472-4642","1366-9516","1472-4642",0
"70",70,206,"specialist","DODO","Y","N","Y",NA,NA,"0265-5640",NA,"0265-5640",NA,0
"71",71,47,"specialist","ECO.MONT","N","Y","Y","2073-106X","2073-1558","2073-106X","2073-1558","2073-106X","2073-1558",0
"72",72,207,"specialist","ECOGRAPHY","Y","N","Y","0906-7590","1600-0587","0906-7590","1600-0587","0906-7590","1600-0587",0
"73",73,48,"specialist","ECOLOGIA BALKANICA","N","Y","Y",NA,NA,"1314-0213","1313-9940","1314-0213","1313-9940",0
"74",74,49,"specialist","ECOLOGICAL ENGINEERING","N","Y","Y",NA,NA,"0925-8574",NA,"0925-8574",NA,0
"75",75,50,"specialist","ECOLOGICAL ENGINEERING: X","N","Y","Y",NA,NA,NA,"2590-2903",NA,"2590-2903",0
"76",76,51,"specialist","ECOLOGICAL MANAGEMENT AND RESTORATION","N","Y","Y",NA,NA,"1442-7001","1442-8903","1442-7001","1442-8903",0
"77",77,52,"specialist","ECOLOGICAL RESTORATION","N","Y","Y",NA,NA,"1522-4740","1543-4079","1522-4740","1543-4079",0
"78",78,53,"specialist","ECOLOGY AND EVOLUTION","N","Y","Y",NA,NA,"2045-7758",NA,"2045-7758",NA,0
"79",79,NA,"specialist","Ecology, Economy and Society","N","Y","Y",NA,NA,"2581-6152","2581-6101","2581-6152","2581-6101",0
"80",80,54,"specialist","ECOLOGY, ENVIRONMENT AND CONSERVATION","N","Y","Y",NA,NA,"0971-765X",NA,"0971-765X",NA,1
"81",81,55,"specialist","ECOSYSTEM SERVICES","N","Y","Y",NA,NA,"2212-0416",NA,"2212-0416",NA,0
"82",82,56,"specialist","ECOSYSTEMS AND PEOPLE","N","Y","Y",NA,NA,"2639-5908","2639-5916","2639-5908","2639-5916",0
"83",83,57,"specialist","EFI NEWS","N","Y","Y",NA,NA,"1236-7850",NA,"1236-7850",NA,0
"84",84,58,"specialist","EKOLOJI","N","Y","Y",NA,NA,"1300-1361",NA,"1300-1361",NA,0
"85",85,59,"specialist","EMU","N","Y","Y",NA,NA,"0158-4197","1448-5540","0158-4197","1448-5540",0
"86",86,60,"specialist","ENDANGERED SPECIES RESEARCH","Y","Y","Y","1863-5407","1613-4796","1863-5407","1613-4796","1863-5407","1613-4796",0
"87",87,61,"specialist","ENVIRONMENT AND ECOLOGY RESEARCH","N","Y","Y",NA,NA,"2331-625X","2331-6268","2331-625X","2331-6268",0
"88",88,62,"specialist","ENVIRONMENT AND PLANNING B: PLANNING AND DESIGN","N","Y","Y",NA,NA,"0265-8135","1472-3417","0265-8135","1472-3417",0
"89",89,63,"specialist","ENVIRONMENT AND PLANNING B: URBAN ANALYTICS AND CITY SCIENCE","N","Y","Y",NA,NA,"2399-8083","2399-8091","2399-8083","2399-8091",0
"90",90,64,"specialist","ENVIRONMENT AND SOCIETY: ADVANCES IN RESEARCH","N","Y","Y",NA,NA,"2150-6779","2150-6787","2150-6779","2150-6787",0
"91",91,65,"specialist","ENVIRONMENTAL AND SOCIO-ECONOMIC STUDIES","N","Y","Y",NA,NA,NA,"2354-0079",NA,"2354-0079",0
"92",92,66,"specialist","ENVIRONMENTAL CONSERVATION","Y","Y","Y","0376-8929","1469-4387","0376-8929","1469-4387","0376-8929","1469-4387",1
"93",93,67,"specialist","ENVIRONMENTAL GEOTECHNICS","N","Y","Y",NA,NA,NA,"2051-803X",NA,"2051-803X",0
"94",94,68,"specialist","E-REVIEW OF TOURISM RESEARCH","N","Y","Y",NA,NA,"1941-5842",NA,"1941-5842",NA,0
"95",95,69,"specialist","ETHNOBIOLOGY AND CONSERVATION","Y","Y","Y",NA,NA,"2238-4782",NA,"2238-4782",NA,1
"96",96,70,"specialist","ETHNOBOTANY RESEARCH AND APPLICATIONS","N","Y","N",NA,NA,"1547-3465",NA,"1547-3465",NA,0
"97",97,71,"specialist","EUROPEAN COUNTRYSIDE","N","Y","Y",NA,NA,NA,"1803-8417",NA,"1803-8417",0
"98",98,72,"specialist","EUROPEAN JOURNAL OF ENVIRONMENTAL SCIENCES","N","Y","Y",NA,NA,"1805-0174","2336-1964","1805-0174","2336-1964",0
"99",99,73,"specialist","EUROPEAN JOURNAL OF WILDLIFE RESEARCH","N","Y","Y",NA,NA,"1612-4642",NA,"1612-4642",NA,0
"100",100,74,"specialist","FISHERIES","N","Y","Y",NA,NA,"0363-2415","1548-8446","0363-2415","1548-8446",0
"101",101,75,"specialist","FLORESTA","N","Y","Y",NA,NA,"0015-3826","1982-4688","0015-3826","1982-4688",0
"102",102,NA,"specialist","Food Webs","Y","N","Y","2352-2496","2352-2496","2352-2496",NA,"2352-2496","2352-2496",0
"103",103,NA,"specialist","Folia Malacologica",NA,"Y","N",NA,NA,"1506-7629","2300-7125","1506-7629","2300-7125",0
"104",104,76,"specialist","FOREST AND SOCIETY","N","Y","Y",NA,NA,"2549-4724","2549-4333","2549-4724","2549-4333",0
"105",105,77,"specialist","FOREST ECOLOGY AND MANAGEMENT","N","Y","Y",NA,NA,"0378-1127",NA,"0378-1127",NA,0
"106",106,78,"specialist","FOREST ECOSYSTEMS","N","Y","Y",NA,NA,"2095-6355","2197-5620","2095-6355","2197-5620",0
"107",107,79,"specialist","FORESTRY IDEAS","N","Y","Y",NA,NA,"1314-3905",NA,"1314-3905",NA,0
"108",108,NA,"specialist","Frontiers in Forests and Global Change",NA,"Y","Y",NA,NA,NA,"2624-893X",NA,"2624-893X",0
"109",109,80,"specialist","FORSTARCHIV","N","Y","Y",NA,NA,"0300-4112",NA,"0300-4112",NA,0
"110",110,81,"specialist","GEOGRAPHY AND SUSTAINABILITY","N","Y","Y",NA,NA,"2096-7438","2666-6839","2096-7438","2666-6839",0
"111",111,82,"specialist","GEOHERITAGE","N","Y","N",NA,NA,"1867-2477","1867-2485","1867-2477","1867-2485",0
"112",112,NA,"specialist","Geology, Ecology, and Landscapes",NA,"Y","Y",NA,NA,NA,"2474-9508",NA,"2474-9508",0
"113",113,83,"specialist","GEOSCAPE","N","Y","Y",NA,NA,NA,"1802-1115",NA,"1802-1115",0
"114",114,208,"specialist","GLOBAL CHANGE BIOLOGY","Y","N","Y",NA,NA,"1354-1013","1365-2486","1354-1013","1365-2486",0
"115",115,84,"specialist","GLOBAL ECOLOGY AND CONSERVATION","Y","Y","Y",NA,"2351-9894",NA,"2351-9894",NA,"2351-9894",1
"116",116,85,"specialist","HABITAT INTERNATIONAL","N","Y","Y",NA,NA,"0197-3975",NA,"0197-3975",NA,0
"117",117,86,"specialist","HERPETOLOGICAL JOURNAL","N","Y","Y",NA,NA,"0268-0130",NA,"0268-0130",NA,0
"118",118,87,"specialist","HUMAN DIMENSIONS OF WILDLIFE","Y","Y","Y","1087-1209","1533-158X","1087-1209","1533-158X","1087-1209","1533-158X",0
"119",119,88,"specialist","HUMAN-WILDLIFE INTERACTIONS","Y","Y","Y",NA,NA,NA,NA,"2155-3858","2155-3874",0
"120",120,89,"specialist","IBIS","N","Y","Y",NA,NA,"0019-1019","1474-919X","0019-1019","1474-919X",0
"121",121,90,"specialist","IFOREST","N","Y","Y",NA,NA,"1971-7458",NA,"1971-7458",NA,0
"122",122,91,"specialist","INTERNATIONAL JOURNAL OF BIODIVERSITY SCIENCE, ECOSYSTEM SERVICES AND MANAGEMENT","N","Y","Y",NA,NA,"2151-3732","2151-3740","2151-3732","2151-3740",0
"123",123,92,"specialist","INTERNATIONAL JOURNAL OF CONSERVATION SCIENCE","N","Y","Y",NA,NA,"2067-533X","2067-8223","2067-533X","2067-8223",1
"124",124,93,"specialist","INTERNATIONAL JOURNAL OF FORESTRY RESEARCH","N","Y","Y",NA,NA,"1687-9368","1687-9376","1687-9368","1687-9376",0
"125",125,94,"specialist","INTERNATIONAL JOURNAL OF GEOHERITAGE AND PARKS","N","Y","Y",NA,NA,"2577-4441","2577-445X","2577-4441","2577-445X",0
"126",126,95,"specialist","INTERNATIONAL JOURNAL OF TOURISM RESEARCH","N","Y","Y",NA,NA,"1099-2340","1522-1970","1099-2340","1522-1970",0
"127",127,96,"specialist","INTERNATIONAL SOIL AND WATER CONSERVATION RESEARCH","N","Y","Y",NA,NA,"2095-6339",NA,"2095-6339",NA,1
"128",128,97,"specialist","INTERNATIONAL ZOO YEARBOOK","N","Y","Y",NA,NA,"1748-1090","0074-9664","1748-1090","0074-9664",0
"129",129,98,"specialist","JAPANESE JOURNAL OF CONSERVATION ECOLOGY","N","Y","Y",NA,NA,"1342-4327",NA,"1342-4327",NA,1
"130",130,99,"specialist","JOURNAL FOR NATURE CONSERVATION","Y","Y","Y","1617-1381","1618-1093","1617-1381",NA,"1617-1381","1618-1093",1
"131",131,100,"specialist","JOURNAL OF AGRO-ENVIRONMENT SCIENCE","N","Y","Y",NA,NA,"1672-2043",NA,"1672-2043",NA,0
"132",132,209,"specialist","JOURNAL OF APPLIED ECOLOGY","Y","N","Y","0021-8901","1365-2664","0021-8901","1365-2664","0021-8901","1365-2664",0
"133",133,210,"specialist","JOURNAL OF ASIA-PACIFIC BIODIVERSITY","Y","N","Y",NA,NA,"2287-884X","2287-9544","2287-884X","2287-9544",0
"134",134,101,"specialist","JOURNAL OF COASTAL CONSERVATION","N","Y","Y",NA,NA,"1400-0350","1874-7841","1400-0350","1874-7841",1
"135",135,102,"specialist","JOURNAL OF DEGRADED AND MINING LANDS MANAGEMENT","N","Y","Y",NA,NA,"2339-076X","2502-2458","2339-076X","2502-2458",0
"136",136,103,"specialist","JOURNAL OF DESIGN AND BUILT ENVIRONMENT","N","Y","Y",NA,NA,"1823-4208","2232-1500","1823-4208","2232-1500",0
"137",137,104,"specialist","JOURNAL OF DIGITAL LANDSCAPE ARCHITECTURE","N","Y","Y",NA,NA,"2367-4253","2511-624X","2367-4253","2511-624X",0
"138",138,105,"specialist","JOURNAL OF ENVIRONMENTAL ENGINEERING AND LANDSCAPE MANAGEMENT","N","Y","Y",NA,NA,"1648-6897","1822-4199","1648-6897","1822-4199",0
"139",139,106,"specialist","JOURNAL OF ENVIRONMENTAL PROTECTION AND ECOLOGY","N","Y","Y",NA,NA,"1311-5065",NA,"1311-5065",NA,0
"140",140,211,"specialist","JOURNAL OF ETHNOBIOLOGY AND ETHNOMEDICINE","Y","N","Y",NA,"1746-4269","1746-4269",NA,"1746-4269","1746-4269",0
"141",141,107,"specialist","JOURNAL OF FISH AND WILDLIFE MANAGEMENT","Y","Y","Y","1944-687X",NA,"1944-687X",NA,"1944-687X",NA,0
"142",142,108,"specialist","JOURNAL OF GREEN BUILDING","N","Y","Y",NA,NA,"1552-6100","1943-4618","1552-6100","1943-4618",0
"143",143,109,"specialist","JOURNAL OF INSECT CONSERVATION","N","Y","N",NA,NA,"1366-638X","1572-9753","1366-638X","1572-9753",1
"144",144,110,"specialist","JOURNAL OF LANDSCAPE ECOLOGY","N","Y","Y",NA,NA,"1589-4673",NA,"1589-4673",NA,0
"145",145,111,"specialist","JOURNAL OF LANDSCAPE ECOLOGY(CZECH REPUBLIC)","N","Y","Y",NA,NA,"1803-2427","1805-4196","1803-2427","1805-4196",0
"146",146,112,"specialist","JOURNAL OF MAMMALOGY","N","Y","Y",NA,NA,"0022-2372","1545-1542","0022-2372","1545-1542",0
"147",147,113,"specialist","JOURNAL OF MARINE AND ISLAND CULTURES","N","Y","Y",NA,NA,NA,"2212-6821",NA,"2212-6821",0
"148",148,114,"specialist","JOURNAL OF MOUNTAIN SCIENCE","N","Y","Y",NA,NA,"1672-6316","1993-0321","1672-6316","1993-0321",0
"149",149,NA,"specialist","Journal of Nanjing Forestry University (Natural Sciences Edition)",NA,"Y","Y",NA,NA,"1000-2006",NA,"1000-2006",NA,0
"150",150,212,"specialist","JOURNAL OF NATURAL HISTORY","Y","N","Y","0022-2933","1464-5262","0022-2933","1464-5262","0022-2933","1464-5262",0
"151",151,115,"specialist","JOURNAL OF NEW ZEALAND GRASSLANDS","N","Y","Y",NA,NA,"2463-2872","2463-2880","2463-2872","2463-2880",0
"152",152,NA,"specialist","Journal of Park and Recreation Administration",NA,"Y","Y",NA,NA,"0735-1968","2160-6862","0735-1968","2160-6862",0
"153",153,116,"specialist","JOURNAL OF PEOPLE, PLANTS, AND ENVIRONMENT","N","Y","N",NA,NA,"2508-7673","2508-7681","2508-7673","2508-7681",0
"154",154,117,"specialist","JOURNAL OF RANGELAND SCIENCE","N","Y","Y",NA,NA,"2008-9996","2423-642X","2008-9996","2423-642X",0
"155",155,118,"specialist","JOURNAL OF SOIL AND WATER CONSERVATION","N","Y","Y",NA,NA,"0022-4561","1941-3300","0022-4561","1941-3300",1
"156",156,119,"specialist","JOURNAL OF SUSTAINABLE REAL ESTATE","N","Y","Y",NA,NA,"1949-8276","1949-8284","1949-8276","1949-8284",0
"157",157,120,"specialist","JOURNAL OF THE ASSOCIATION OF ENVIRONMENTAL AND RESOURCE ECONOMISTS","N","Y","Y",NA,NA,"2333-5955","2333-5963","2333-5955","2333-5963",0
"158",158,121,"specialist","JOURNAL OF THE BOMBAY NATURAL HISTORY SOCIETY","N","Y","Y",NA,NA,"0006-6982",NA,"0006-6982",NA,0
"159",159,122,"specialist","JOURNAL OF THREATENED TAXA","N","Y","Y",NA,NA,"0974-7893","0974-7907","0974-7893","0974-7907",0
"160",160,123,"specialist","JOURNAL OF TOURISM AND CULTURAL CHANGE","N","Y","Y",NA,NA,"1476-6825",NA,"1476-6825",NA,0
"161",161,124,"specialist","JOURNAL OF TOURISM FUTURES","N","Y","Y",NA,NA,"2055-5911","2055-592X","2055-5911","2055-592X",0
"162",162,125,"specialist","JOURNAL OF WILDLIFE MANAGEMENT","N","Y","Y",NA,NA,"0022-541X","1937-2817","0022-541X","1937-2817",0
"163",163,126,"specialist","KNOWLEDGE AND MANAGEMENT OF AQUATIC ECOSYSTEMS","N","Y","Y",NA,NA,"1961-9502",NA,"1961-9502",NA,0
"164",164,213,"specialist","KOEDOE","Y","N","Y","0075-6458","2071-0771","0075-6458","2071-0771","0075-6458","2071-0771",0
"165",165,127,"specialist","LAND","N","Y","Y",NA,NA,NA,"2073-445X",NA,"2073-445X",0
"166",166,128,"specialist","LAND USE POLICY","N","Y","Y",NA,NA,"0264-8377",NA,"0264-8377",NA,0
"167",167,129,"specialist","LANDSCAPE AND ECOLOGICAL ENGINEERING","Y","Y","Y","1860-1871","1860-188X","1860-1871","1860-188X","1860-1871","1860-188X",0
"168",168,130,"specialist","LANDSCAPE AND URBAN PLANNING","N","Y","Y",NA,NA,"0169-2046",NA,"0169-2046",NA,0
"169",169,131,"specialist","LANDSCAPE ARCHITECTURE","N","Y","Y",NA,NA,"0023-8031",NA,"0023-8031",NA,0
"170",170,132,"specialist","LANDSCAPE ARCHITECTURE AND ART","N","Y","Y",NA,NA,"2255-8632","2255-8640","2255-8632","2255-8640",0
"171",171,133,"specialist","LANDSCAPE ECOLOGY","N","Y","Y",NA,NA,"0921-2973","1572-9761","0921-2973","1572-9761",0
"172",172,134,"specialist","LANDSCAPE HISTORY","N","Y","Y",NA,NA,"0143-3768","2160-2506","0143-3768","2160-2506",0
"173",173,135,"specialist","LANDSCAPE JOURNAL","N","Y","Y",NA,NA,"0277-2426","1553-2704","0277-2426","1553-2704",0
"174",174,136,"specialist","LANDSCAPE ONLINE","N","Y","Y",NA,NA,"1865-1542",NA,"1865-1542",NA,0
"175",175,137,"specialist","LANDSCAPE RESEARCH","N","Y","Y",NA,NA,"0142-6397","1469-9710","0142-6397","1469-9710",0
"176",176,138,"specialist","LANDSCAPES","N","Y","Y",NA,NA,"1492-9600",NA,"1492-9600",NA,0
"177",177,139,"specialist","LANDSCAPES (UNITED KINGDOM)","N","Y","Y",NA,NA,"1466-2035","2040-8153","1466-2035","2040-8153",0
"178",178,140,"specialist","LANDSCHAP","N","Y","Y",NA,NA,"0169-6300",NA,"0169-6300",NA,0
"179",179,141,"specialist","LIVING REVIEWS IN LANDSCAPE RESEARCH","N","Y","Y",NA,NA,"1863-7329",NA,"1863-7329",NA,0
"180",180,142,"specialist","MALAYAN NATURE JOURNAL","N","Y","Y",NA,NA,"0025-1291",NA,"0025-1291",NA,0
"181",181,214,"specialist","MANAGEMENT OF BIOLOGICAL INVASIONS","Y","N","Y","1989-8649",NA,NA,"1989-8649",NA,"1989-8649",0
"182",182,215,"specialist","MARINE BIODIVERSITY","Y","N","Y","1867-1616","1867-1624","1867-1616","1867-1624","1867-1616","1867-1624",0
"183",183,143,"specialist","MEMOIRS OF THE QUEENSLAND MUSEUM: CULTURAL HERITAGE SERIES","N","Y","Y",NA,NA,"1440-4788",NA,"1440-4788",NA,0
"184",184,144,"specialist","METABARCODING AND METAGENOMICS","N","Y","Y",NA,NA,NA,"2534-9708",NA,"2534-9708",0
"185",185,145,"specialist","MIRES AND PEAT","N","Y","Y",NA,NA,NA,"1819-754X",NA,"1819-754X",0
"186",186,146,"specialist","NAKHARA: JOURNAL OF ENVIRONMENTAL DESIGN AND PLANNING","N","Y","Y",NA,NA,"2672-9016","2651-2416","2672-9016","2651-2416",0
"187",187,147,"specialist","NATUR UND LANDSCHAFT","N","Y","Y",NA,NA,"0028-0615",NA,"0028-0615",NA,0
"188",188,148,"specialist","NATURAL AREAS JOURNAL","N","Y","Y",NA,NA,"0885-8608",NA,"0885-8608",NA,0
"189",189,217,"specialist","NATURAL HISTORY","Y","N","Y","0028-0712",NA,"0028-0712",NA,"0028-0712",NA,0
"190",190,NA,"specialist","Natural Resource Management and Policy",NA,"Y","Y",NA,NA,"0929-127X","2511-8560","0929-127X","2511-8560",0
"191",191,149,"specialist","NATURE CONSERVATION","N","Y","Y","1314-6947","1314-3301","1314-6947","1314-3301","1314-6947","1314-3301",1
"192",192,150,"specialist","NATURE CONSERVATION RESEARCH","Y","Y","Y",NA,NA,"2500-008X",NA,"2500-008X",NA,1
"193",193,NA,"specialist","Nature Reviews Earth and Environment",NA,"Y","Y",NA,NA,NA,"2662-138X",NA,"2662-138X",0
"194",194,151,"specialist","NATURE SUSTAINABILITY","N","Y","Y",NA,NA,NA,"2398-9629",NA,"2398-9629",0
"195",195,152,"specialist","NATUREZA A CONSERVACAO","N","Y","Y",NA,NA,"1679-0073",NA,"1679-0073",NA,0
"196",196,NA,"specialist","Neilreichia",NA,"Y","Y",NA,NA,"1681-5947",NA,"1681-5947",NA,0
"197",197,218,"specialist","NEOBIOTA","Y","N","Y","1619-0033","1314-2488","1619-0033","1314-2488","1619-0033","1314-2488",0
"198",198,153,"specialist","NEOTROPICAL BIOLOGY AND CONSERVATION","N","Y","Y",NA,NA,"1809-9939","2236-3777","1809-9939","2236-3777",1
"199",199,219,"specialist","NORTHEASTERN NATURALIST","Y","N","Y","1092-6194","1938-5307","1092-6194",NA,"1092-6194","1938-5307",0
"200",200,NA,"specialist","Ochrona Zabytkow",NA,"Y","Y",NA,NA,"0029-8247",NA,"0029-8247",NA,0
"201",201,154,"specialist","ONE ECOSYSTEM","N","Y","Y",NA,NA,NA,"2367-8194",NA,"2367-8194",0
"202",202,155,"specialist","ORYX","Y","Y","Y","0030-6053","1365-3008","0030-6053","1365-3008","0030-6053","1365-3008",1
"203",203,156,"specialist","PACIFIC CONSERVATION BIOLOGY","N","Y","Y",NA,NA,"1038-2097",NA,"1038-2097",NA,1
"204",204,NA,"specialist","PACHYDERM","Y","N","Y","1026-2881",NA,"1026-2881","1683-5018","1026-2881","1683-5018",0
"205",205,NA,"specialist","Palaeobiodiversity and Palaeoenvironments","Y","N","N","1867-1594","1867-1608","1867-1594","1867-1608","1867-1594","1867-1608",0
"206",206,NA,"specialist","PALEOBIOLOGY","Y","N","N","0094-8373","1938-5331","0094-8373","1938-5331","0094-8373","1938-5331",0
"207",207,157,"specialist","PARK SCIENCE","N","Y","Y",NA,NA,"0735-9462","1090-9966","0735-9462","1090-9966",0
"208",208,158,"specialist","PARKS","N","Y","Y",NA,NA,"0960-233X","2411-2119","0960-233X","2411-2119",0
"209",209,NA,"specialist","People and Nature","Y","N","Y",NA,"2575-8314",NA,"2575-8314",NA,"2575-8314",0
"210",210,159,"specialist","PERSPECTIVES IN ECOLOGY AND CONSERVATION","Y","Y","Y","2530-0644","2530-0644","2530-0644",NA,"2530-0644","2530-0644",1
"211",211,NA,"specialist","Plants People Planet",NA,NA,NA,NA,"2572-2611",NA,"2572-2611",NA,"2572-2611",0
"212",212,220,"specialist","POLAR BIOLOGY","Y","N","Y","0722-4060","1432-2056","0722-4060","1432-2056","0722-4060","1432-2056",0
"213",213,NA,"specialist","Pirineos",NA,"Y","Y",NA,NA,"0373-2568","1988-4281","0373-2568","1988-4281",0
"214",214,160,"specialist","PRIMATE CONSERVATION","N","Y","Y",NA,NA,"0898-6207",NA,"0898-6207",NA,1
"215",215,221,"specialist","PROCEEDINGS OF THE ACADEMY OF NATURAL SCIENCES OF PHILADELPHIA","Y","N","Y","0097-3157",NA,"0097-3157",NA,"0097-3157",NA,0
"216",216,222,"specialist","PROCEEDINGS OF THE LINNEAN SOCIETY OF NEW SOUTH WALES","Y","N","Y","0370-047X",NA,"0370-047X",NA,"0370-047X",NA,0
"217",217,NA,"specialist","Progress in Geography",NA,"Y","Y",NA,NA,"1007-6301",NA,"1007-6301",NA,0
"218",218,161,"specialist","RANGELAND ECOLOGY AND MANAGEMENT","N","Y","Y",NA,NA,"1550-7424",NA,"1550-7424",NA,0
"219",219,NA,"specialist","Raptor Journal",NA,"Y","Y",NA,NA,NA,"2644-5247",NA,"2644-5247",0
"220",220,162,"specialist","REMOTE SENSING IN ECOLOGY AND CONSERVATION","N","Y","Y",NA,NA,NA,"2056-3485",NA,"2056-3485",1
"221",221,163,"specialist","RESOURCES","N","Y","Y",NA,NA,NA,NA,"2079-9276",NA,0
"222",222,164,"specialist","RESTORATION ECOLOGY","N","Y","Y",NA,NA,"1061-2971","1526-100X","1061-2971","1526-100X",0
"223",223,223,"specialist","REVISTA CHILENA DE HISTORIA NATURAL","Y","N","Y","0716-078X","0717-6317","0716-078X","0717-6317","0716-078X","0717-6317",0
"224",224,165,"specialist","REVISTA DE URBANISMO","N","Y","Y",NA,NA,NA,"0717-5051",NA,"0717-5051",0
"225",225,224,"specialist","REVISTA MEXICANA DE BIODIVERSIDAD","Y","N","Y","1870-3453","2007-8706","1870-5081","1870-509X","1870-3453","2007-8706",0
"226",226,166,"specialist","RI-VISTA","N","Y","Y",NA,NA,NA,"1724-6768",NA,"1724-6768",0
"227",227,167,"specialist","RURAL LANDSCAPES","N","Y","Y",NA,NA,NA,"2002-0104",NA,"2002-0104",0
"228",228,168,"specialist","RUSSIAN JOURNAL OF FOREST SCIENCE","N","Y","Y",NA,NA,"0024-1148",NA,"0024-1148",NA,0
"229",229,169,"specialist","SCIENCE FOR CONSERVATION","N","Y","Y",NA,NA,"1173-2946",NA,"1173-2946",NA,1
"230",230,NA,"specialist","Silva Gabreta",NA,"Y","Y",NA,NA,"1211-7420",NA,"1211-7420",NA,0
"231",231,170,"specialist","SLOVAK RAPTOR JOURNAL","N","Y","Y",NA,NA,"1337-3463","1338-7227","1337-3463","1338-7227",0
"232",232,171,"specialist","SOCIOLOGIA URBANA E RURALE","N","Y","Y",NA,NA,"0392-4939","1971-8403","0392-4939","1971-8403",0
"233",233,225,"specialist","SOUTHEASTERN NATURALIST","Y","N","Y","1528-7092","1938-5412","1528-7092",NA,"1528-7092","1938-5412",0
"234",234,226,"specialist","SOUTHWESTERN NATURALIST","Y","N","Y","0038-4909","1943-6262","0038-4909","1943-6262","0038-4909","1943-6262",0
"235",235,NA,NA,"Springer Geography",NA,"Y","Y",NA,NA,"2194-315X","2194-3168","2194-315X","2194-3168",0
"236",236,172,"specialist","STALETA PRAHA","N","Y","Y",NA,NA,"0231-6056",NA,"0231-6056",NA,0
"237",237,173,"specialist","STUDIES IN THE HISTORY OF GARDENS AND DESIGNED LANDSCAPES","N","Y","Y",NA,NA,"1460-1176",NA,"1460-1176",NA,0
"238",238,174,"specialist","SUBTERRANEAN BIOLOGY","N","Y","Y",NA,NA,"1768-1448","1314-2615","1768-1448","1314-2615",0
"239",239,175,"specialist","SUSTAINABILITY SCIENCE","N","Y","Y",NA,NA,"1862-4065","1862-4057","1862-4065","1862-4057",0
"240",240,176,"specialist","SUSTAINABLE HUMANOSPHERE","N","Y","Y",NA,NA,"1880-6503",NA,"1880-6503",NA,0
"241",241,177,"specialist","SUSTAINABLE MEDITERRANEAN CONSTRUCTION","N","Y","Y",NA,NA,"2385-1546","2420-8213","2385-1546","2420-8213",0
"242",242,178,"specialist","SYLVIA","N","Y","Y",NA,NA,"0231-7796",NA,"0231-7796",NA,0
"243",243,227,"specialist","SYSTEMATICS AND BIODIVERSITY","Y","N","Y","1477-2000","1478-0933","1477-2000","1478-0933","1477-2000","1478-0933",0
"244",244,179,"specialist","TRANSITIONAL WATERS BULLETIN","N","Y","N",NA,NA,NA,"1825-229X",NA,"1825-229X",0
"245",245,180,"specialist","TROPICAL CONSERVATION SCIENCE","Y","Y","Y","1940-0829","1940-0829","1940-0829",NA,"1940-0829","1940-0829",1
"246",246,181,"specialist","TUEXENIA","N","Y","Y",NA,NA,"0722-494X",NA,"0722-494X",NA,0
"247",247,228,"specialist","URBAN ECOSYSTEMS","Y","N","Y","1083-8155","1573-1642","1083-8155","1573-1642","1083-8155","1573-1642",0
"248",248,182,"specialist","URSUS","N","Y","Y",NA,NA,"1537-6176",NA,"1537-6176",NA,0
"249",249,229,"specialist","WESTERN NORTH AMERICAN NATURALIST","Y","N","Y","1527-0904","1944-8341","1527-0904",NA,"1527-0904","1944-8341",0
"250",250,183,"specialist","WILDFOWL","N","Y","Y",NA,NA,"0954-6324",NA,"0954-6324",NA,0
"251",251,184,"specialist","WILDLIFE BIOLOGY","N","Y","Y",NA,NA,"0909-6396",NA,"0909-6396",NA,0
"252",252,185,"specialist","WILDLIFE MONOGRAPHS","N","Y","Y",NA,NA,"0084-0173",NA,"0084-0173",NA,0
"253",253,186,"specialist","WILDLIFE SOCIETY BULLETIN","Y","Y","Y","2328-5540","2328-5540","0091-7648",NA,"0091-7648","2328-5540",0
"254",254,187,"specialist","WORLD AGRICULTURE","N","Y","Y",NA,NA,"2043-7234","2056-7979","2043-7234","2056-7979",0
"255",255,188,"specialist","ZOOLOGICAL RESEARCH","N","Y","Y",NA,NA,"2095-8137",NA,"2095-8137",NA,0
"256",256,189,"specialist","ZPRAVY LESNICKEHO VYZKUMU","N","Y","Y",NA,NA,"0322-9688","1805-9872","0322-9688","1805-9872",0
"257",257,NA,"multidisciplinary","Nature","N","N","Y","0028-0836",NA,NA,NA,"0028-0836",NA,0
"258",258,NA,"multidisciplinary","Science","N","N","Y","0036-8075",NA,NA,NA,"0036-8075",NA,0
"259",259,NA,"multidisciplinary","Scientific Reports","N","N","Y","2045-2322",NA,"2045-2322",NA,"2045-2322",NA,0
"260",260,NA,"multidisciplinary","Plos One","N","N","Y","1932-6203",NA,"1932-6203",NA,"1932-6203",NA,0
"261",261,NA,"multidisciplinary","PeerJ","N","N","Y","2167-8359",NA,"2167-8359",NA,"2167-8359",NA,0
